start_time,end_time,node,event,is_anomaly
2026-04-26 23:06:22.630569,2026-04-26 23:19:17.630569,N2,Metric_Scraping,0
2026-04-26 23:14:24.592023,2026-04-26 23:20:22.592023,N6,CPU_Sync_Stutter,1
2026-04-26 23:26:28.314219,2026-04-26 23:36:02.314219,N8,Network_Latency_Jitter,1
2026-04-26 23:33:29.519800,2026-04-26 23:42:15.519800,N7,Metric_Scraping,0
2026-04-26 23:35:30.738204,2026-04-26 23:43:53.738204,N3,Log_Rotation,0
2026-04-26 23:37:33.040640,2026-04-26 23:44:59.040640,N6,CPU_Sync_Stutter,1
2026-04-26 23:38:34.069477,2026-04-26 23:52:50.069477,N8,Log_Rotation,0
2026-04-26 23:40:34.986350,2026-04-26 23:48:27.986350,N2,Log_Rotation,0
2026-04-26 23:43:37.376059,2026-04-26 23:50:17.376059,N1,Log_Rotation,0
2026-04-26 23:48:40.502362,2026-04-26 23:57:55.502362,N3,Log_Rotation,0
2026-04-26 23:56:44.418215,2026-04-27 00:11:22.418215,N4,Metric_Scraping,0
2026-04-27 00:08:47.122659,2026-04-27 00:20:17.122659,N2,Metric_Scraping,0
2026-04-27 00:15:50.062252,2026-04-27 00:23:49.062252,N8,Log_Rotation,0
2026-04-27 00:22:52.486644,2026-04-27 00:28:48.486644,N7,Metric_Scraping,0
2026-04-27 00:29:55.072574,2026-04-27 00:43:20.072574,N1,Metric_Scraping,0
2026-04-27 00:45:57.604517,2026-04-27 00:56:35.604517,N6,Log_Rotation,0
2026-04-27 00:48:59.003516,2026-04-27 00:58:05.003516,N2,Log_Rotation,0
2026-04-27 00:50:00.135854,2026-04-27 00:55:44.135854,N7,Metric_Scraping,0
2026-04-27 00:52:01.413731,2026-04-27 01:02:54.413731,N1,Metric_Scraping,0
2026-04-27 00:56:02.389334,2026-04-27 01:08:10.389334,N8,Memory_Leak_Gradual,1
2026-04-27 00:58:05.354054,2026-04-27 01:03:12.354054,N3,Metric_Scraping,0
2026-04-27 00:59:07.183087,2026-04-27 01:05:42.183087,N6,Memory_Leak_Gradual,1
2026-04-27 01:04:09.230220,2026-04-27 01:15:21.230220,N7,Metric_Scraping,0
2026-04-27 01:06:11.062443,2026-04-27 01:13:36.062443,N6,Log_Rotation,0
2026-04-27 01:08:12.963699,2026-04-27 01:19:43.963699,N3,Log_Rotation,0
2026-04-27 01:22:17.950317,2026-04-27 01:32:05.950317,N1,Log_Rotation,0
2026-04-27 01:29:19.216302,2026-04-27 01:36:00.216302,N7,Metric_Scraping,0
2026-04-27 01:48:23.146156,2026-04-27 01:55:52.146156,N6,Log_Rotation,0
2026-04-27 01:54:24.622140,2026-04-27 02:05:58.622140,N2,Memory_Leak_Gradual,1
2026-04-27 01:58:27.282494,2026-04-27 02:05:16.282494,N6,CPU_Sync_Stutter,1
2026-04-27 02:01:28.610328,2026-04-27 02:11:14.610328,N7,Network_Latency_Jitter,1
2026-04-27 02:03:29.741761,2026-04-27 02:10:48.741761,N1,Memory_Leak_Gradual,1
2026-04-27 02:09:33.170332,2026-04-27 02:16:02.170332,N4,Metric_Scraping,0
2026-04-27 02:32:39.169301,2026-04-27 02:46:24.169301,N3,Metric_Scraping,0
2026-04-27 02:39:40.751528,2026-04-27 02:54:09.751528,N2,CPU_Sync_Stutter,1
2026-04-27 02:44:42.298394,2026-04-27 02:52:02.298394,N6,Log_Rotation,0
2026-04-27 02:45:43.420963,2026-04-27 02:50:50.420963,N4,Metric_Scraping,0
2026-04-27 02:52:46.635224,2026-04-27 03:01:05.635224,N7,Metric_Scraping,0
2026-04-27 02:57:50.325954,2026-04-27 03:08:11.325954,N3,CPU_Sync_Stutter,1
2026-04-27 03:16:54.414267,2026-04-27 03:30:17.414267,N3,Memory_Leak_Gradual,1
2026-04-27 03:25:55.676094,2026-04-27 03:36:42.676094,N6,Metric_Scraping,0
2026-04-27 03:28:56.948236,2026-04-27 03:39:28.948236,N8,Log_Rotation,0
2026-04-27 03:44:01.826265,2026-04-27 03:49:30.826265,N7,Memory_Leak_Gradual,1
2026-04-27 03:51:04.349799,2026-04-27 04:00:57.349799,N4,Metric_Scraping,0
2026-04-27 03:52:05.522144,2026-04-27 04:06:26.522144,N6,Metric_Scraping,0
2026-04-27 03:55:06.842303,2026-04-27 04:05:57.842303,N7,Log_Rotation,0
2026-04-27 03:56:07.913290,2026-04-27 04:09:16.913290,N1,Log_Rotation,0
2026-04-27 04:00:08.999899,2026-04-27 04:10:58.999899,N2,CPU_Sync_Stutter,1
2026-04-27 04:01:10.374205,2026-04-27 04:13:25.374205,N3,Log_Rotation,0
2026-04-27 04:05:12.566131,2026-04-27 04:10:35.566131,N8,Network_Latency_Jitter,1
2026-04-27 04:08:15.778130,2026-04-27 04:21:52.778130,N7,Memory_Leak_Gradual,1
2026-04-27 04:11:17.618152,2026-04-27 04:19:20.618152,N2,Log_Rotation,0
2026-04-27 04:13:20.934157,2026-04-27 04:25:31.934157,N8,Log_Rotation,0
2026-04-27 04:15:22.603486,2026-04-27 04:22:51.603486,N6,CPU_Sync_Stutter,1
2026-04-27 04:17:23.804290,2026-04-27 04:24:58.804290,N1,Log_Rotation,0
2026-04-27 04:23:26.585327,2026-04-27 04:32:57.585327,N4,Memory_Leak_Gradual,1
2026-04-27 04:24:28.604105,2026-04-27 04:31:53.604105,N6,Log_Rotation,0
2026-04-27 04:26:30.522623,2026-04-27 04:38:49.522623,N1,Log_Rotation,0
2026-04-27 04:35:34.434243,2026-04-27 04:47:26.434243,N4,Network_Latency_Jitter,1
2026-04-27 04:42:36.525727,2026-04-27 04:50:00.525727,N7,CPU_Sync_Stutter,1
2026-04-27 04:44:37.694326,2026-04-27 04:51:41.694326,N6,Metric_Scraping,0
2026-04-27 04:54:42.830251,2026-04-27 05:07:07.830251,N1,Metric_Scraping,0
2026-04-27 04:55:43.650785,2026-04-27 05:02:22.650785,N7,Metric_Scraping,0
2026-04-27 04:57:44.758225,2026-04-27 05:04:42.758225,N8,Metric_Scraping,0
2026-04-27 05:05:47.728096,2026-04-27 05:19:52.728096,N8,Log_Rotation,0
2026-04-27 05:11:49.854191,2026-04-27 05:24:45.854191,N2,Metric_Scraping,0
2026-04-27 05:12:51.150237,2026-04-27 05:18:49.150237,N3,Metric_Scraping,0
2026-04-27 05:13:52.102353,2026-04-27 05:21:04.102353,N6,Log_Rotation,0
2026-04-27 05:19:54.453648,2026-04-27 05:25:06.453648,N7,Log_Rotation,0
2026-04-27 05:22:57.218218,2026-04-27 05:35:39.218218,N1,Log_Rotation,0
2026-04-27 05:25:58.849784,2026-04-27 05:32:39.849784,N4,Network_Latency_Jitter,1
2026-04-27 05:27:00.902414,2026-04-27 05:32:51.902414,N2,Metric_Scraping,0
2026-04-27 05:28:02.075320,2026-04-27 05:39:20.075320,N7,Metric_Scraping,0
2026-04-27 05:29:03.147172,2026-04-27 05:36:44.147172,N8,Memory_Leak_Gradual,1
2026-04-27 05:31:03.959360,2026-04-27 05:36:59.959360,N3,CPU_Sync_Stutter,1
2026-04-27 05:40:10.513094,2026-04-27 05:52:14.513094,N3,Network_Latency_Jitter,1
2026-04-27 05:43:12.482314,2026-04-27 05:48:48.482314,N7,Metric_Scraping,0
2026-04-27 05:44:13.518283,2026-04-27 05:56:58.518283,N4,Log_Rotation,0
2026-04-27 05:45:14.590558,2026-04-27 05:52:09.590558,N6,Metric_Scraping,0
2026-04-27 05:56:19.694142,2026-04-27 06:04:15.694142,N7,Metric_Scraping,0
2026-04-27 05:59:21.706220,2026-04-27 06:09:56.706220,N2,Log_Rotation,0
2026-04-27 06:05:23.876241,2026-04-27 06:20:11.876241,N1,CPU_Sync_Stutter,1
2026-04-27 06:11:26.222235,2026-04-27 06:24:51.222235,N3,CPU_Sync_Stutter,1
2026-04-27 06:15:27.383147,2026-04-27 06:25:47.383147,N8,Log_Rotation,0
2026-04-27 06:17:28.334292,2026-04-27 06:27:18.334292,N6,Metric_Scraping,0
2026-04-27 06:18:29.532904,2026-04-27 06:30:29.532904,N7,Metric_Scraping,0
2026-04-27 06:19:30.518225,2026-04-27 06:34:29.518225,N2,Log_Rotation,0
2026-04-27 06:38:38.194277,2026-04-27 06:44:47.194277,N6,Log_Rotation,0
2026-04-27 06:48:41.003824,2026-04-27 06:57:46.003824,N7,Log_Rotation,0
2026-04-27 06:50:42.174270,2026-04-27 06:59:54.174270,N6,Log_Rotation,0
2026-04-27 06:57:43.702252,2026-04-27 07:04:27.702252,N1,Memory_Leak_Gradual,1
2026-04-27 07:01:46.614174,2026-04-27 07:13:24.614174,N8,Log_Rotation,0
2026-04-27 07:07:48.349668,2026-04-27 07:22:06.349668,N4,Metric_Scraping,0
2026-04-27 07:08:49.499216,2026-04-27 07:14:27.499216,N6,Metric_Scraping,0
2026-04-27 07:12:50.846403,2026-04-27 07:25:43.846403,N2,Log_Rotation,0
2026-04-27 07:13:52.069748,2026-04-27 07:19:20.069748,N8,Log_Rotation,0
2026-04-27 07:17:54.493458,2026-04-27 07:27:20.493458,N1,CPU_Sync_Stutter,1
2026-04-27 07:18:55.246223,2026-04-27 07:27:58.246223,N3,Log_Rotation,0
2026-04-27 07:22:57.246136,2026-04-27 07:33:13.246136,N8,Metric_Scraping,0
2026-04-27 07:25:59.076488,2026-04-27 07:33:39.076488,N4,Metric_Scraping,0
2026-04-27 07:34:03.625498,2026-04-27 07:48:51.625498,N8,Metric_Scraping,0
2026-04-27 07:39:06.146274,2026-04-27 07:49:29.146274,N7,Log_Rotation,0
2026-04-27 07:42:07.422144,2026-04-27 07:54:58.422144,N3,Memory_Leak_Gradual,1
2026-04-27 07:46:08.549989,2026-04-27 07:57:20.549989,N2,Metric_Scraping,0
2026-04-27 07:56:13.134237,2026-04-27 08:07:44.134237,N4,Metric_Scraping,0
2026-04-27 08:07:16.114432,2026-04-27 08:18:45.114432,N3,Memory_Leak_Gradual,1
2026-04-27 08:09:18.019807,2026-04-27 08:23:12.019807,N7,Memory_Leak_Gradual,1
2026-04-27 08:11:19.141750,2026-04-27 08:25:07.141750,N4,Metric_Scraping,0
2026-04-27 08:12:20.070516,2026-04-27 08:24:59.070516,N1,Log_Rotation,0
2026-04-27 08:16:21.074278,2026-04-27 08:26:46.074278,N2,Metric_Scraping,0
2026-04-27 08:27:26.306217,2026-04-27 08:32:31.306217,N4,Log_Rotation,0
2026-04-27 08:29:28.622206,2026-04-27 08:38:10.622206,N8,Log_Rotation,0
2026-04-27 08:30:29.642156,2026-04-27 08:38:48.642156,N3,Log_Rotation,0
2026-04-27 08:33:30.862184,2026-04-27 08:41:55.862184,N1,Log_Rotation,0
2026-04-27 08:38:32.786180,2026-04-27 08:47:04.786180,N8,Log_Rotation,0
2026-04-27 08:40:35.042626,2026-04-27 08:50:16.042626,N7,Log_Rotation,0
2026-04-27 08:44:37.040751,2026-04-27 08:59:31.040751,N6,Log_Rotation,0
2026-04-27 08:50:39.474150,2026-04-27 09:05:22.474150,N4,Log_Rotation,0
2026-04-27 08:53:41.630197,2026-04-27 09:07:42.630197,N7,Log_Rotation,0
2026-04-27 08:58:43.040384,2026-04-27 09:06:02.040384,N2,Log_Rotation,0
2026-04-27 08:59:44.206281,2026-04-27 09:05:15.206281,N3,Metric_Scraping,0
2026-04-27 09:07:49.426169,2026-04-27 09:16:25.426169,N4,Log_Rotation,0
2026-04-27 09:14:51.706255,2026-04-27 09:24:33.706255,N6,Log_Rotation,0
2026-04-27 09:17:53.958222,2026-04-27 09:25:14.958222,N3,Metric_Scraping,0
2026-04-27 09:18:54.829097,2026-04-27 09:29:51.829097,N1,Log_Rotation,0
2026-04-27 09:21:55.661244,2026-04-27 09:33:56.661244,N7,Metric_Scraping,0
2026-04-27 09:26:58.818151,2026-04-27 09:41:47.818151,N6,Log_Rotation,0
2026-04-27 09:30:00.181254,2026-04-27 09:37:17.181254,N3,Log_Rotation,0
2026-04-27 09:37:02.869893,2026-04-27 09:51:48.869893,N1,Log_Rotation,0
2026-04-27 09:44:06.158218,2026-04-27 09:52:52.158218,N4,Metric_Scraping,0
2026-04-27 09:45:07.180203,2026-04-27 09:57:07.180203,N7,Network_Latency_Jitter,1
2026-04-27 09:54:10.539297,2026-04-27 10:01:08.539297,N1,CPU_Sync_Stutter,1
2026-04-27 09:59:13.019800,2026-04-27 10:08:01.019800,N3,Metric_Scraping,0
2026-04-27 10:01:13.896810,2026-04-27 10:14:00.896810,N7,Network_Latency_Jitter,1
2026-04-27 10:12:17.169229,2026-04-27 10:24:36.169229,N6,Metric_Scraping,0
2026-04-27 10:18:20.434202,2026-04-27 10:29:33.434202,N1,CPU_Sync_Stutter,1
2026-04-27 10:20:21.304394,2026-04-27 10:29:58.304394,N8,Metric_Scraping,0
2026-04-27 10:23:22.498279,2026-04-27 10:37:46.498279,N7,Metric_Scraping,0
2026-04-27 10:25:23.610202,2026-04-27 10:31:04.610202,N3,Log_Rotation,0
2026-04-27 10:30:25.706386,2026-04-27 10:35:34.706386,N6,Metric_Scraping,0
2026-04-27 10:35:29.173951,2026-04-27 10:49:16.173951,N1,CPU_Sync_Stutter,1
2026-04-27 10:37:31.096051,2026-04-27 10:43:45.096051,N2,Metric_Scraping,0
2026-04-27 10:40:33.478383,2026-04-27 10:47:56.478383,N8,Metric_Scraping,0
2026-04-27 10:45:35.803597,2026-04-27 10:54:19.803597,N7,Memory_Leak_Gradual,1
2026-04-27 10:48:37.026972,2026-04-27 11:02:37.026972,N3,Metric_Scraping,0
2026-04-27 10:49:38.770672,2026-04-27 10:58:53.770672,N2,Metric_Scraping,0
2026-04-27 10:52:40.791001,2026-04-27 11:03:12.791001,N8,Metric_Scraping,0
2026-04-27 10:58:42.926203,2026-04-27 11:05:35.926203,N6,Metric_Scraping,0
2026-04-27 11:05:47.186350,2026-04-27 11:14:32.186350,N4,Log_Rotation,0
2026-04-27 11:09:49.166275,2026-04-27 11:18:01.166275,N2,Metric_Scraping,0
2026-04-27 11:12:50.522143,2026-04-27 11:18:11.522143,N8,Metric_Scraping,0
2026-04-27 11:13:51.295652,2026-04-27 11:19:45.295652,N6,Log_Rotation,0
2026-04-27 11:14:52.568600,2026-04-27 11:29:52.568600,N7,Metric_Scraping,0
2026-04-27 11:16:54.468985,2026-04-27 11:25:06.468985,N4,Metric_Scraping,0
2026-04-27 11:17:55.491199,2026-04-27 11:23:51.491199,N1,CPU_Sync_Stutter,1
2026-04-27 11:19:58.092008,2026-04-27 11:26:43.092008,N2,Metric_Scraping,0
2026-04-27 11:26:01.198438,2026-04-27 11:36:20.198438,N1,Log_Rotation,0
2026-04-27 11:39:06.183986,2026-04-27 11:49:25.183986,N2,Log_Rotation,0
2026-04-27 11:44:07.789114,2026-04-27 11:51:47.789114,N7,Memory_Leak_Gradual,1
2026-04-27 11:47:08.814169,2026-04-27 11:56:14.814169,N4,Metric_Scraping,0
2026-04-27 11:51:11.186187,2026-04-27 12:02:28.186187,N1,Metric_Scraping,0
2026-04-27 11:54:13.289177,2026-04-27 12:03:15.289177,N2,Metric_Scraping,0
2026-04-27 12:09:18.058313,2026-04-27 12:22:51.058313,N6,Metric_Scraping,0
2026-04-27 12:12:19.430233,2026-04-27 12:20:55.430233,N8,Log_Rotation,0
2026-04-27 12:23:21.932206,2026-04-27 12:38:16.932206,N7,CPU_Sync_Stutter,1
2026-04-27 12:31:24.512731,2026-04-27 12:43:12.512731,N3,Log_Rotation,0
2026-04-27 12:32:25.685610,2026-04-27 12:38:19.685610,N6,Network_Latency_Jitter,1
2026-04-27 12:37:27.098153,2026-04-27 12:46:06.098153,N2,Metric_Scraping,0
2026-04-27 12:39:30.674151,2026-04-27 12:48:25.674151,N7,Log_Rotation,0
2026-04-27 12:44:32.991425,2026-04-27 12:51:41.991425,N8,CPU_Sync_Stutter,1
2026-04-27 12:45:33.803596,2026-04-27 12:59:31.803596,N3,Log_Rotation,0
2026-04-27 12:54:37.886383,2026-04-27 13:03:47.886383,N2,Log_Rotation,0
2026-04-27 13:15:42.610367,2026-04-27 13:22:25.610367,N7,Log_Rotation,0
2026-04-27 13:26:45.574428,2026-04-27 13:35:17.574428,N4,Log_Rotation,0
2026-04-27 13:28:46.894141,2026-04-27 13:42:36.894141,N1,Network_Latency_Jitter,1
2026-04-27 13:33:47.995487,2026-04-27 13:46:19.995487,N6,Log_Rotation,0
2026-04-27 13:36:50.298085,2026-04-27 13:44:35.298085,N4,Network_Latency_Jitter,1
2026-04-27 13:40:51.578215,2026-04-27 13:50:21.578215,N8,CPU_Sync_Stutter,1
2026-04-27 13:43:53.934207,2026-04-27 13:55:55.934207,N1,Log_Rotation,0
2026-04-27 13:45:56.406160,2026-04-27 13:58:36.406160,N2,Log_Rotation,0
2026-04-27 13:46:57.678718,2026-04-27 13:54:13.678718,N3,Log_Rotation,0
2026-04-27 13:48:59.898148,2026-04-27 14:00:19.898148,N4,Memory_Leak_Gradual,1
2026-04-27 13:51:01.014892,2026-04-27 14:01:39.014892,N8,CPU_Sync_Stutter,1
2026-04-27 14:00:05.730149,2026-04-27 14:07:56.730149,N6,CPU_Sync_Stutter,1
2026-04-27 14:03:08.828911,2026-04-27 14:17:06.828911,N3,Log_Rotation,0
2026-04-27 14:04:09.698208,2026-04-27 14:17:52.698208,N1,Memory_Leak_Gradual,1
2026-04-27 14:14:12.190621,2026-04-27 14:23:24.190621,N7,Log_Rotation,0
2026-04-27 14:15:13.262660,2026-04-27 14:24:05.262660,N2,Metric_Scraping,0
2026-04-27 14:19:16.275957,2026-04-27 14:29:03.275957,N3,Log_Rotation,0
2026-04-27 14:24:17.498027,2026-04-27 14:30:55.498027,N6,Log_Rotation,0
2026-04-27 14:26:20.996537,2026-04-27 14:37:58.996537,N8,Log_Rotation,0
2026-04-27 14:27:21.816853,2026-04-27 14:34:05.816853,N1,Metric_Scraping,0
2026-04-27 14:28:22.586460,2026-04-27 14:37:09.586460,N7,Log_Rotation,0
2026-04-27 14:30:24.498206,2026-04-27 14:35:55.498206,N3,Log_Rotation,0
2026-04-27 14:39:30.067620,2026-04-27 14:49:13.067620,N2,Metric_Scraping,0
2026-04-27 14:46:31.539660,2026-04-27 14:57:24.539660,N8,Metric_Scraping,0
2026-04-27 14:51:34.027386,2026-04-27 15:02:47.027386,N1,Metric_Scraping,0
2026-04-27 14:54:34.913267,2026-04-27 15:07:48.913267,N3,Log_Rotation,0
2026-04-27 14:58:36.614216,2026-04-27 15:07:00.614216,N6,Log_Rotation,0
2026-04-27 15:01:38.004599,2026-04-27 15:10:16.004599,N4,Metric_Scraping,0
2026-04-27 15:15:43.704734,2026-04-27 15:22:07.704734,N7,Network_Latency_Jitter,1
2026-04-27 15:18:44.826200,2026-04-27 15:26:31.826200,N1,Network_Latency_Jitter,1
2026-04-27 15:20:45.650176,2026-04-27 15:34:39.650176,N8,Log_Rotation,0
2026-04-27 15:24:48.398144,2026-04-27 15:37:16.398144,N6,Log_Rotation,0
2026-04-27 15:29:51.104668,2026-04-27 15:41:25.104668,N7,Metric_Scraping,0
2026-04-27 15:32:52.413594,2026-04-27 15:43:05.413594,N2,Metric_Scraping,0
2026-04-27 15:39:56.158278,2026-04-27 15:46:22.158278,N6,Log_Rotation,0
2026-04-27 15:44:59.742222,2026-04-27 15:53:03.742222,N4,Log_Rotation,0
2026-04-27 15:50:02.162023,2026-04-27 15:59:24.162023,N3,Log_Rotation,0
2026-04-27 15:52:03.090195,2026-04-27 16:00:19.090195,N8,Metric_Scraping,0
2026-04-27 16:05:07.538198,2026-04-27 16:10:45.538198,N8,Log_Rotation,0
2026-04-27 16:14:09.722205,2026-04-27 16:19:47.722205,N6,CPU_Sync_Stutter,1
2026-04-27 16:16:11.042147,2026-04-27 16:25:03.042147,N1,Log_Rotation,0
2026-04-27 16:20:12.014200,2026-04-27 16:34:33.014200,N4,Metric_Scraping,0
2026-04-27 16:21:14.362195,2026-04-27 16:28:02.362195,N7,Log_Rotation,0
2026-04-27 16:22:15.308559,2026-04-27 16:34:22.308559,N8,Metric_Scraping,0
2026-04-27 16:35:18.478207,2026-04-27 16:49:56.478207,N1,CPU_Sync_Stutter,1
2026-04-27 16:36:21.130146,2026-04-27 16:44:02.130146,N7,CPU_Sync_Stutter,1
2026-04-27 16:37:22.302777,2026-04-27 16:46:29.302777,N4,Metric_Scraping,0
2026-04-27 16:47:24.968333,2026-04-27 17:01:01.968333,N3,Log_Rotation,0
2026-04-27 16:48:26.942540,2026-04-27 17:00:37.942540,N7,Log_Rotation,0
2026-04-27 16:51:28.718211,2026-04-27 17:03:36.718211,N4,Metric_Scraping,0
2026-04-27 16:53:29.890194,2026-04-27 17:08:13.890194,N1,Log_Rotation,0
2026-04-27 17:00:31.083350,2026-04-27 17:06:16.083350,N8,Metric_Scraping,0
2026-04-27 17:13:37.830153,2026-04-27 17:19:07.830153,N4,Log_Rotation,0
2026-04-27 17:15:38.902778,2026-04-27 17:26:04.902778,N7,Metric_Scraping,0
2026-04-27 17:22:41.375114,2026-04-27 17:31:53.375114,N3,Metric_Scraping,0
2026-04-27 17:24:42.304338,2026-04-27 17:32:00.304338,N8,Log_Rotation,0
2026-04-27 17:28:44.314140,2026-04-27 17:39:14.314140,N1,Log_Rotation,0
2026-04-27 17:29:45.182143,2026-04-27 17:39:06.182143,N4,Metric_Scraping,0
2026-04-27 17:30:46.405139,2026-04-27 17:44:07.405139,N2,Metric_Scraping,0
2026-04-27 17:32:47.994242,2026-04-27 17:46:36.994242,N6,Metric_Scraping,0
2026-04-27 17:38:51.115826,2026-04-27 17:48:02.115826,N8,Metric_Scraping,0
2026-04-27 17:48:56.442264,2026-04-27 18:00:33.442264,N8,Log_Rotation,0
2026-04-27 17:49:57.683583,2026-04-27 17:59:22.683583,N3,Log_Rotation,0
2026-04-27 17:50:58.542172,2026-04-27 18:02:31.542172,N6,Memory_Leak_Gradual,1
2026-04-27 17:53:59.714524,2026-04-27 18:01:50.714524,N1,Log_Rotation,0
2026-04-27 18:02:02.684394,2026-04-27 18:09:37.684394,N2,Metric_Scraping,0
2026-04-27 18:07:06.042197,2026-04-27 18:18:39.042197,N8,Memory_Leak_Gradual,1
2026-04-27 18:10:06.831708,2026-04-27 18:24:21.831708,N7,Metric_Scraping,0
2026-04-27 18:12:09.202571,2026-04-27 18:18:03.202571,N1,Metric_Scraping,0
2026-04-27 18:20:12.021688,2026-04-27 18:29:35.021688,N8,CPU_Sync_Stutter,1
2026-04-27 18:25:13.222188,2026-04-27 18:35:46.222188,N1,Network_Latency_Jitter,1
2026-04-27 18:37:17.673991,2026-04-27 18:47:47.673991,N7,Network_Latency_Jitter,1
2026-04-27 18:43:19.110640,2026-04-27 18:53:03.110640,N6,Log_Rotation,0
2026-04-27 18:45:20.398251,2026-04-27 18:52:52.398251,N3,Metric_Scraping,0
2026-04-27 18:46:21.662322,2026-04-27 18:54:04.662322,N8,Metric_Scraping,0
2026-04-27 18:50:24.389667,2026-04-27 19:01:48.389667,N7,Metric_Scraping,0
2026-04-27 18:52:25.413626,2026-04-27 19:02:08.413626,N2,Log_Rotation,0
2026-04-27 18:56:29.622018,2026-04-27 19:04:28.622018,N4,Log_Rotation,0
2026-04-27 18:58:30.942705,2026-04-27 19:10:06.942705,N1,Metric_Scraping,0
2026-04-27 19:00:31.800983,2026-04-27 19:15:00.800983,N6,Metric_Scraping,0
2026-04-27 19:01:32.877743,2026-04-27 19:15:04.877743,N3,Metric_Scraping,0
2026-04-27 19:06:36.822188,2026-04-27 19:11:59.822188,N8,Network_Latency_Jitter,1
2026-04-27 19:11:38.706216,2026-04-27 19:23:15.706216,N7,Metric_Scraping,0
2026-04-27 19:12:39.833590,2026-04-27 19:24:50.833590,N2,Network_Latency_Jitter,1
2026-04-27 19:16:44.460044,2026-04-27 19:26:10.460044,N6,Log_Rotation,0
2026-04-27 19:17:45.711633,2026-04-27 19:28:20.711633,N3,Metric_Scraping,0
2026-04-27 19:21:46.819668,2026-04-27 19:27:51.819668,N8,Metric_Scraping,0
2026-04-27 19:24:48.654202,2026-04-27 19:30:16.654202,N1,CPU_Sync_Stutter,1
2026-04-27 19:25:49.330650,2026-04-27 19:36:08.330650,N4,Metric_Scraping,0
2026-04-27 19:28:53.846000,2026-04-27 19:43:35.846000,N7,Metric_Scraping,0
2026-04-27 19:32:56.678360,2026-04-27 19:42:27.678360,N8,Log_Rotation,0
2026-04-27 19:36:57.798200,2026-04-27 19:51:26.798200,N2,Memory_Leak_Gradual,1
2026-04-27 19:40:00.047115,2026-04-27 19:50:18.047115,N6,Log_Rotation,0
2026-04-27 19:50:03.642182,2026-04-27 19:56:24.642182,N1,Log_Rotation,0
2026-04-27 19:55:07.050600,2026-04-27 20:03:45.050600,N3,Metric_Scraping,0
2026-04-27 19:57:08.120321,2026-04-27 20:07:20.120321,N2,Metric_Scraping,0
2026-04-27 19:58:10.096401,2026-04-27 20:09:02.096401,N1,Metric_Scraping,0
2026-04-27 19:59:10.866180,2026-04-27 20:08:41.866180,N6,Log_Rotation,0
2026-04-27 20:01:12.054221,2026-04-27 20:13:48.054221,N7,Metric_Scraping,0
2026-04-27 20:06:14.104588,2026-04-27 20:13:47.104588,N4,CPU_Sync_Stutter,1
2026-04-27 20:08:15.321332,2026-04-27 20:16:28.321332,N3,Log_Rotation,0
2026-04-27 20:18:22.604662,2026-04-27 20:28:40.604662,N7,Metric_Scraping,0
2026-04-27 20:20:23.634128,2026-04-27 20:29:47.634128,N6,Metric_Scraping,0
2026-04-27 20:22:24.868257,2026-04-27 20:36:08.868257,N8,Metric_Scraping,0
2026-04-27 20:26:26.238220,2026-04-27 20:40:11.238220,N2,Log_Rotation,0
2026-04-27 20:31:29.682151,2026-04-27 20:41:19.682151,N7,Metric_Scraping,0
2026-04-27 20:37:31.969500,2026-04-27 20:50:31.969500,N3,Network_Latency_Jitter,1
2026-04-27 20:38:32.879770,2026-04-27 20:46:21.879770,N8,Metric_Scraping,0
2026-04-27 20:50:37.313247,2026-04-27 20:58:42.313247,N3,CPU_Sync_Stutter,1
2026-04-27 20:54:39.850138,2026-04-27 21:03:22.850138,N8,Network_Latency_Jitter,1
2026-04-27 20:58:40.922955,2026-04-27 21:04:53.922955,N2,Log_Rotation,0
2026-04-27 20:59:42.297100,2026-04-27 21:10:32.297100,N1,Metric_Scraping,0
2026-04-27 21:03:44.274141,2026-04-27 21:10:46.274141,N3,Log_Rotation,0
2026-04-27 21:04:46.190227,2026-04-27 21:12:00.190227,N8,Log_Rotation,0
2026-04-27 21:06:48.299600,2026-04-27 21:17:43.299600,N7,Log_Rotation,0
2026-04-27 21:20:53.378196,2026-04-27 21:32:45.378196,N7,Log_Rotation,0
2026-04-27 21:25:54.552166,2026-04-27 21:34:35.552166,N6,Network_Latency_Jitter,1
2026-04-27 21:28:55.930208,2026-04-27 21:35:08.930208,N1,Metric_Scraping,0
2026-04-27 21:52:01.934254,2026-04-27 22:04:52.934254,N8,Memory_Leak_Gradual,1
2026-04-27 21:54:02.906149,2026-04-27 22:03:32.906149,N7,Memory_Leak_Gradual,1
2026-04-27 21:55:03.870852,2026-04-27 22:04:49.870852,N6,Log_Rotation,0
2026-04-27 21:56:04.958229,2026-04-27 22:07:02.958229,N1,Log_Rotation,0
2026-04-27 22:02:06.014194,2026-04-27 22:13:13.014194,N4,Network_Latency_Jitter,1
2026-04-27 22:06:10.353081,2026-04-27 22:18:08.353081,N6,Log_Rotation,0
2026-04-27 22:12:12.521593,2026-04-27 22:21:59.521593,N3,Log_Rotation,0
2026-04-27 22:13:13.521812,2026-04-27 22:25:47.521812,N1,Log_Rotation,0
2026-04-27 22:15:15.898139,2026-04-27 22:28:39.898139,N7,Metric_Scraping,0
2026-04-27 22:31:21.243136,2026-04-27 22:39:27.243136,N6,Network_Latency_Jitter,1
2026-04-27 22:43:25.006199,2026-04-27 22:52:02.006199,N7,Network_Latency_Jitter,1
2026-04-27 22:47:26.312767,2026-04-27 23:02:13.312767,N2,Log_Rotation,0
2026-04-27 22:51:27.934933,2026-04-27 22:56:51.934933,N4,Metric_Scraping,0
2026-04-27 22:52:28.942237,2026-04-27 23:07:14.942237,N6,Metric_Scraping,0
2026-04-27 22:56:31.898879,2026-04-27 23:02:09.898879,N3,CPU_Sync_Stutter,1
2026-04-27 23:02:34.001373,2026-04-27 23:10:10.001373,N4,CPU_Sync_Stutter,1
2026-04-27 23:04:37.086136,2026-04-27 23:11:30.086136,N7,Metric_Scraping,0
2026-04-27 23:06:38.132457,2026-04-27 23:15:26.132457,N8,Metric_Scraping,0
2026-04-27 23:07:39.103683,2026-04-27 23:13:39.103683,N3,CPU_Sync_Stutter,1
2026-04-27 23:18:45.173998,2026-04-27 23:29:53.173998,N6,Metric_Scraping,0
2026-04-27 23:22:46.574219,2026-04-27 23:36:29.574219,N4,Log_Rotation,0
2026-04-27 23:27:47.773277,2026-04-27 23:37:49.773277,N7,Network_Latency_Jitter,1
2026-04-27 23:29:48.827556,2026-04-27 23:42:11.827556,N3,Log_Rotation,0
2026-04-27 23:38:53.635514,2026-04-27 23:50:47.635514,N8,CPU_Sync_Stutter,1
2026-04-27 23:42:54.728221,2026-04-27 23:53:07.728221,N3,Metric_Scraping,0
2026-04-27 23:45:56.530339,2026-04-27 23:52:14.530339,N6,Network_Latency_Jitter,1
2026-04-27 23:46:57.747118,2026-04-27 23:59:55.747118,N2,Metric_Scraping,0
2026-04-27 23:54:02.061451,2026-04-28 00:01:41.061451,N4,Metric_Scraping,0
2026-04-27 23:55:03.890170,2026-04-28 00:00:29.890170,N8,Network_Latency_Jitter,1
2026-04-27 23:58:04.874211,2026-04-28 00:06:25.874211,N3,Metric_Scraping,0
2026-04-28 00:04:08.942226,2026-04-28 00:14:22.942226,N1,Network_Latency_Jitter,1
2026-04-28 00:05:09.769841,2026-04-28 00:15:22.769841,N2,Metric_Scraping,0
2026-04-28 00:16:14.010201,2026-04-28 00:29:34.010201,N2,Log_Rotation,0
2026-04-28 00:20:16.066180,2026-04-28 00:27:37.066180,N8,Metric_Scraping,0
2026-04-28 00:29:18.420176,2026-04-28 00:40:24.420176,N7,Memory_Leak_Gradual,1
2026-04-28 00:30:19.442431,2026-04-28 00:37:37.442431,N4,CPU_Sync_Stutter,1
2026-04-28 00:31:21.695194,2026-04-28 00:40:09.695194,N3,Metric_Scraping,0
2026-04-28 00:34:22.910198,2026-04-28 00:49:20.910198,N8,Log_Rotation,0
2026-04-28 00:35:23.760543,2026-04-28 00:40:26.760543,N2,Metric_Scraping,0
2026-04-28 00:44:29.374266,2026-04-28 00:57:00.374266,N7,Memory_Leak_Gradual,1
2026-04-28 00:53:31.150211,2026-04-28 01:00:04.150211,N3,Metric_Scraping,0
2026-04-28 00:57:32.189267,2026-04-28 01:03:34.189267,N6,Memory_Leak_Gradual,1
2026-04-28 00:58:34.501727,2026-04-28 01:06:16.501727,N4,Metric_Scraping,0
2026-04-28 01:00:35.503652,2026-04-28 01:14:35.503652,N1,Log_Rotation,0
2026-04-28 01:02:37.238230,2026-04-28 01:11:24.238230,N8,Log_Rotation,0
2026-04-28 01:03:38.106158,2026-04-28 01:10:53.106158,N3,Metric_Scraping,0
2026-04-28 01:04:39.699120,2026-04-28 01:15:37.699120,N7,Metric_Scraping,0
2026-04-28 01:05:40.699653,2026-04-28 01:17:13.699653,N2,Metric_Scraping,0
2026-04-28 01:07:43.071546,2026-04-28 01:14:03.071546,N4,Log_Rotation,0
2026-04-28 01:11:44.326175,2026-04-28 01:23:40.326175,N3,Metric_Scraping,0
2026-04-28 01:14:46.919194,2026-04-28 01:25:55.919194,N8,Metric_Scraping,0
2026-04-28 01:18:51.542162,2026-04-28 01:32:22.542162,N4,Metric_Scraping,0
2026-04-28 01:19:52.511945,2026-04-28 01:29:48.511945,N6,Log_Rotation,0
2026-04-28 01:24:54.838242,2026-04-28 01:35:01.838242,N1,Network_Latency_Jitter,1
2026-04-28 01:25:55.517075,2026-04-28 01:35:27.517075,N2,Metric_Scraping,0
2026-04-28 01:29:57.934153,2026-04-28 01:40:21.934153,N7,Memory_Leak_Gradual,1
2026-04-28 01:38:03.826139,2026-04-28 01:45:47.826139,N4,Network_Latency_Jitter,1
2026-04-28 01:46:06.429643,2026-04-28 01:58:32.429643,N2,Metric_Scraping,0
2026-04-28 01:51:09.600883,2026-04-28 01:58:42.600883,N1,Metric_Scraping,0
2026-04-28 01:53:10.382225,2026-04-28 02:03:10.382225,N3,Log_Rotation,0
2026-04-28 02:16:15.754003,2026-04-28 02:23:05.754003,N4,Metric_Scraping,0
2026-04-28 02:17:16.826334,2026-04-28 02:30:20.826334,N6,Log_Rotation,0
2026-04-28 02:26:19.612229,2026-04-28 02:38:02.612229,N8,Log_Rotation,0
2026-04-28 02:31:20.718151,2026-04-28 02:44:35.718151,N6,Log_Rotation,0
2026-04-28 02:33:22.510822,2026-04-28 02:46:49.510822,N1,Metric_Scraping,0
2026-04-28 02:37:23.463803,2026-04-28 02:50:10.463803,N2,Metric_Scraping,0
2026-04-28 02:40:25.748139,2026-04-28 02:54:31.748139,N4,Log_Rotation,0
2026-04-28 02:44:27.110194,2026-04-28 02:49:28.110194,N8,Metric_Scraping,0
2026-04-28 02:45:27.978189,2026-04-28 02:59:09.978189,N7,CPU_Sync_Stutter,1
2026-04-28 02:47:30.198200,2026-04-28 02:58:22.198200,N6,Log_Rotation,0
2026-04-28 02:54:33.970194,2026-04-28 03:04:35.970194,N4,Log_Rotation,0
2026-04-28 03:05:39.054161,2026-04-28 03:20:33.054161,N6,Log_Rotation,0
2026-04-28 03:07:40.290237,2026-04-28 03:13:46.290237,N2,Network_Latency_Jitter,1
2026-04-28 03:10:41.476681,2026-04-28 03:15:50.476681,N4,Metric_Scraping,0
2026-04-28 03:13:42.498198,2026-04-28 03:27:38.498198,N8,CPU_Sync_Stutter,1
2026-04-28 03:18:46.460414,2026-04-28 03:29:11.460414,N2,Metric_Scraping,0
2026-04-28 03:22:49.042406,2026-04-28 03:29:23.042406,N1,Log_Rotation,0
2026-04-28 03:26:50.113012,2026-04-28 03:39:34.113012,N4,Network_Latency_Jitter,1
2026-04-28 03:32:54.278442,2026-04-28 03:38:45.278442,N8,Metric_Scraping,0
2026-04-28 03:34:55.115720,2026-04-28 03:42:40.115720,N2,CPU_Sync_Stutter,1
2026-04-28 03:36:56.374751,2026-04-28 03:47:01.374751,N1,Metric_Scraping,0
2026-04-28 03:41:00.078245,2026-04-28 03:52:32.078245,N8,Metric_Scraping,0
2026-04-28 03:42:00.878183,2026-04-28 03:49:32.878183,N6,Metric_Scraping,0
2026-04-28 03:45:03.474184,2026-04-28 03:54:17.474184,N7,Metric_Scraping,0
2026-04-28 03:46:04.494220,2026-04-28 03:59:23.494220,N2,Metric_Scraping,0
2026-04-28 03:51:07.758167,2026-04-28 04:03:50.758167,N6,Metric_Scraping,0
2026-04-28 03:53:08.913158,2026-04-28 04:04:57.913158,N1,Log_Rotation,0
2026-04-28 03:54:10.444519,2026-04-28 03:59:37.444519,N4,Memory_Leak_Gradual,1
2026-04-28 03:57:12.858191,2026-04-28 04:03:46.858191,N7,Metric_Scraping,0
2026-04-28 03:59:13.979848,2026-04-28 04:05:07.979848,N3,Log_Rotation,0
2026-04-28 04:04:17.534702,2026-04-28 04:15:37.534702,N6,Metric_Scraping,0
2026-04-28 04:05:20.353369,2026-04-28 04:10:52.353369,N8,Log_Rotation,0
2026-04-28 04:09:22.890841,2026-04-28 04:17:58.890841,N3,Network_Latency_Jitter,1
2026-04-28 04:15:24.866186,2026-04-28 04:26:41.866186,N7,Metric_Scraping,0
2026-04-28 04:19:28.877080,2026-04-28 04:31:27.877080,N6,Metric_Scraping,0
2026-04-28 04:23:30.501954,2026-04-28 04:37:28.501954,N3,Network_Latency_Jitter,1
2026-04-28 04:25:31.442217,2026-04-28 04:40:11.442217,N1,Network_Latency_Jitter,1
2026-04-28 04:32:34.480531,2026-04-28 04:47:20.480531,N7,Log_Rotation,0
2026-04-28 04:43:39.286152,2026-04-28 04:56:14.286152,N8,Metric_Scraping,0
2026-04-28 04:46:40.360931,2026-04-28 04:54:58.360931,N4,Log_Rotation,0
2026-04-28 04:56:43.976694,2026-04-28 05:08:43.976694,N8,Metric_Scraping,0
2026-04-28 04:58:45.224124,2026-04-28 05:05:51.224124,N7,Network_Latency_Jitter,1
2026-04-28 05:15:49.380081,2026-04-28 05:22:48.380081,N3,Memory_Leak_Gradual,1
2026-04-28 05:16:50.266341,2026-04-28 05:29:57.266341,N2,Metric_Scraping,0
2026-04-28 05:17:51.586525,2026-04-28 05:29:34.586525,N8,Log_Rotation,0
2026-04-28 05:18:52.454151,2026-04-28 05:31:15.454151,N7,Metric_Scraping,0
2026-04-28 05:20:53.554209,2026-04-28 05:31:19.554209,N6,Log_Rotation,0
2026-04-28 05:25:55.866197,2026-04-28 05:31:49.866197,N3,Metric_Scraping,0
2026-04-28 05:29:56.996088,2026-04-28 05:37:09.996088,N8,Log_Rotation,0
2026-04-28 05:31:59.329696,2026-04-28 05:42:44.329696,N2,Metric_Scraping,0
2026-04-28 05:47:06.584282,2026-04-28 05:57:30.584282,N2,Log_Rotation,0
2026-04-28 05:55:08.315531,2026-04-28 06:08:23.315531,N8,Network_Latency_Jitter,1
2026-04-28 05:59:10.590408,2026-04-28 06:09:28.590408,N2,Log_Rotation,0
2026-04-28 06:10:13.838224,2026-04-28 06:19:05.838224,N4,Metric_Scraping,0
2026-04-28 06:12:16.250207,2026-04-28 06:26:10.250207,N8,Log_Rotation,0
2026-04-28 06:14:17.120458,2026-04-28 06:22:03.120458,N1,Metric_Scraping,0
2026-04-28 06:21:19.114323,2026-04-28 06:28:20.114323,N6,Log_Rotation,0
2026-04-28 06:22:20.366175,2026-04-28 06:36:59.366175,N2,Metric_Scraping,0
2026-04-28 06:25:22.638191,2026-04-28 06:31:01.638191,N4,Log_Rotation,0
2026-04-28 06:32:26.670624,2026-04-28 06:43:39.670624,N1,Network_Latency_Jitter,1
2026-04-28 06:34:27.460296,2026-04-28 06:42:18.460296,N8,Metric_Scraping,0
2026-04-28 06:35:28.280770,2026-04-28 06:47:55.280770,N3,Log_Rotation,0
2026-04-28 06:39:30.550510,2026-04-28 06:50:27.550510,N7,Log_Rotation,0
2026-04-28 06:41:31.810178,2026-04-28 06:49:55.810178,N4,Metric_Scraping,0
2026-04-28 06:43:33.813665,2026-04-28 06:58:14.813665,N8,Log_Rotation,0
2026-04-28 06:53:39.130208,2026-04-28 06:59:45.130208,N1,Metric_Scraping,0
2026-04-28 07:20:43.570194,2026-04-28 07:35:08.570194,N2,Log_Rotation,0
2026-04-28 07:29:45.394144,2026-04-28 07:36:12.394144,N4,Network_Latency_Jitter,1
2026-04-28 07:31:46.667017,2026-04-28 07:36:47.667017,N3,Network_Latency_Jitter,1
2026-04-28 07:37:52.362203,2026-04-28 07:50:11.362203,N6,Metric_Scraping,0
2026-04-28 07:40:53.690263,2026-04-28 07:49:35.690263,N2,Memory_Leak_Gradual,1
2026-04-28 07:43:55.083241,2026-04-28 07:52:13.083241,N8,Metric_Scraping,0
2026-04-28 07:55:59.686218,2026-04-28 08:10:47.686218,N4,Metric_Scraping,0
2026-04-28 07:58:00.758206,2026-04-28 08:08:41.758206,N6,Metric_Scraping,0
2026-04-28 08:00:01.907960,2026-04-28 08:14:24.907960,N8,Metric_Scraping,0
2026-04-28 08:03:03.126192,2026-04-28 08:10:51.126192,N1,Metric_Scraping,0
2026-04-28 08:05:04.095877,2026-04-28 08:13:41.095877,N7,CPU_Sync_Stutter,1
2026-04-28 08:06:05.269087,2026-04-28 08:17:53.269087,N3,Memory_Leak_Gradual,1
2026-04-28 08:07:05.993599,2026-04-28 08:21:44.993599,N2,Metric_Scraping,0
2026-04-28 08:14:10.482274,2026-04-28 08:20:10.482274,N1,Log_Rotation,0
2026-04-28 08:21:14.902889,2026-04-28 08:29:25.902889,N3,Metric_Scraping,0
2026-04-28 08:24:17.044407,2026-04-28 08:31:27.044407,N1,Log_Rotation,0
2026-04-28 08:36:20.022221,2026-04-28 08:46:04.022221,N2,Metric_Scraping,0
2026-04-28 08:45:21.946174,2026-04-28 08:53:47.946174,N6,Metric_Scraping,0
2026-04-28 08:52:24.693199,2026-04-28 08:57:46.693199,N4,CPU_Sync_Stutter,1
2026-04-28 08:54:25.914140,2026-04-28 09:09:13.914140,N2,Metric_Scraping,0
2026-04-28 08:55:28.196384,2026-04-28 09:00:32.196384,N3,Network_Latency_Jitter,1
2026-04-28 09:05:32.534325,2026-04-28 09:18:32.534325,N7,Log_Rotation,0
2026-04-28 09:10:35.078152,2026-04-28 09:21:47.078152,N1,Log_Rotation,0
2026-04-28 09:14:36.151695,2026-04-28 09:27:38.151695,N6,Metric_Scraping,0
2026-04-28 09:24:39.254203,2026-04-28 09:39:39.254203,N1,Network_Latency_Jitter,1
2026-04-28 09:37:41.670903,2026-04-28 09:46:37.670903,N6,Metric_Scraping,0
2026-04-28 09:40:44.348044,2026-04-28 09:52:53.348044,N8,Log_Rotation,0
2026-04-28 09:42:45.346198,2026-04-28 09:54:11.346198,N3,Metric_Scraping,0
2026-04-28 09:48:47.450142,2026-04-28 09:57:41.450142,N7,Log_Rotation,0
2026-04-28 09:51:48.606204,2026-04-28 10:01:49.606204,N1,Metric_Scraping,0
2026-04-28 09:57:51.243210,2026-04-28 10:07:28.243210,N4,Memory_Leak_Gradual,1
2026-04-28 09:59:53.246282,2026-04-28 10:11:17.246282,N6,Metric_Scraping,0
2026-04-28 10:04:55.502240,2026-04-28 10:12:48.502240,N3,Metric_Scraping,0
2026-04-28 10:06:56.612229,2026-04-28 10:21:28.612229,N7,Metric_Scraping,0
2026-04-28 10:18:01.302360,2026-04-28 10:27:48.302360,N3,Log_Rotation,0
2026-04-28 10:27:03.734223,2026-04-28 10:37:34.734223,N7,Metric_Scraping,0
2026-04-28 10:33:05.762672,2026-04-28 10:46:41.762672,N2,Metric_Scraping,0
2026-04-28 10:38:07.499899,2026-04-28 10:46:33.499899,N1,CPU_Sync_Stutter,1
2026-04-28 10:45:09.542217,2026-04-28 10:50:37.542217,N7,Metric_Scraping,0
2026-04-28 10:59:13.902221,2026-04-28 11:10:10.902221,N6,Log_Rotation,0
2026-04-28 11:03:15.406414,2026-04-28 11:17:12.406414,N7,CPU_Sync_Stutter,1
2026-04-28 11:09:16.906176,2026-04-28 11:20:19.906176,N3,Log_Rotation,0
2026-04-28 11:10:17.877697,2026-04-28 11:16:13.877697,N1,Network_Latency_Jitter,1
2026-04-28 11:15:19.684164,2026-04-28 11:26:42.684164,N4,Log_Rotation,0
2026-04-28 11:17:22.286149,2026-04-28 11:26:37.286149,N2,Metric_Scraping,0
2026-04-28 11:23:25.582575,2026-04-28 11:35:47.582575,N3,Log_Rotation,0
2026-04-28 11:31:29.202202,2026-04-28 11:36:56.202202,N2,Memory_Leak_Gradual,1
2026-04-28 11:35:30.692961,2026-04-28 11:47:54.692961,N4,Metric_Scraping,0
2026-04-28 11:38:34.165092,2026-04-28 11:44:30.165092,N1,Network_Latency_Jitter,1
2026-04-28 11:45:36.728397,2026-04-28 11:55:36.728397,N8,Metric_Scraping,0
2026-04-28 11:46:37.700008,2026-04-28 11:55:41.700008,N3,Log_Rotation,0
2026-04-28 12:04:42.002154,2026-04-28 12:12:08.002154,N7,Metric_Scraping,0
2026-04-28 12:09:43.182219,2026-04-28 12:22:58.182219,N3,Metric_Scraping,0
2026-04-28 12:11:44.098200,2026-04-28 12:23:21.098200,N8,Log_Rotation,0
2026-04-28 12:15:46.100005,2026-04-28 12:28:25.100005,N4,Log_Rotation,0
2026-04-28 12:18:47.470255,2026-04-28 12:24:49.470255,N1,Log_Rotation,0
2026-04-28 12:38:52.798240,2026-04-28 12:48:02.798240,N1,Network_Latency_Jitter,1
2026-04-28 12:40:53.768615,2026-04-28 12:47:56.768615,N4,Metric_Scraping,0
2026-04-28 12:42:54.886138,2026-04-28 12:49:00.886138,N8,CPU_Sync_Stutter,1
2026-04-28 12:44:55.661647,2026-04-28 12:59:02.661647,N3,Log_Rotation,0
2026-04-28 12:52:00.151387,2026-04-28 13:05:10.151387,N4,Log_Rotation,0
2026-04-28 12:55:01.378701,2026-04-28 13:03:52.378701,N8,Memory_Leak_Gradual,1
2026-04-28 12:58:02.400097,2026-04-28 13:12:33.400097,N7,Metric_Scraping,0
2026-04-28 12:59:03.522016,2026-04-28 13:07:26.522016,N2,Memory_Leak_Gradual,1
2026-04-28 13:05:06.699874,2026-04-28 13:17:42.699874,N6,Log_Rotation,0
2026-04-28 13:08:09.068985,2026-04-28 13:21:58.068985,N3,Metric_Scraping,0
2026-04-28 13:26:15.310225,2026-04-28 13:33:26.310225,N7,Log_Rotation,0
2026-04-28 13:28:16.336796,2026-04-28 13:33:26.336796,N2,Log_Rotation,0
2026-04-28 13:31:17.646229,2026-04-28 13:40:12.646229,N6,Log_Rotation,0
2026-04-28 13:43:22.534053,2026-04-28 13:51:46.534053,N3,Metric_Scraping,0
2026-04-28 13:53:24.686188,2026-04-28 14:06:23.686188,N4,Log_Rotation,0
2026-04-28 13:56:25.934234,2026-04-28 14:03:46.934234,N8,Metric_Scraping,0
2026-04-28 14:03:27.342203,2026-04-28 14:10:47.342203,N2,Metric_Scraping,0
2026-04-28 14:09:30.546184,2026-04-28 14:20:35.546184,N8,Metric_Scraping,0
2026-04-28 14:13:32.804318,2026-04-28 14:21:21.804318,N3,Network_Latency_Jitter,1
2026-04-28 14:15:33.746130,2026-04-28 14:28:04.746130,N6,Metric_Scraping,0
2026-04-28 14:17:35.026201,2026-04-28 14:31:23.026201,N7,CPU_Sync_Stutter,1
2026-04-28 14:36:41.450426,2026-04-28 14:49:19.450426,N3,Log_Rotation,0
2026-04-28 14:38:42.578315,2026-04-28 14:50:06.578315,N8,Metric_Scraping,0
2026-04-28 14:49:44.046255,2026-04-28 14:57:50.046255,N7,Log_Rotation,0
2026-04-28 14:57:47.160433,2026-04-28 15:08:02.160433,N1,Metric_Scraping,0
2026-04-28 15:08:49.644335,2026-04-28 15:17:08.644335,N7,Log_Rotation,0
2026-04-28 15:12:51.502160,2026-04-28 15:25:54.502160,N2,Metric_Scraping,0
2026-04-28 15:19:54.150171,2026-04-28 15:25:17.150171,N7,Log_Rotation,0
2026-04-28 15:27:57.425945,2026-04-28 15:33:47.425945,N7,CPU_Sync_Stutter,1
2026-04-28 15:28:58.407114,2026-04-28 15:42:10.407114,N8,Log_Rotation,0
2026-04-28 15:37:00.852250,2026-04-28 15:43:10.852250,N6,CPU_Sync_Stutter,1
2026-04-28 15:38:02.176369,2026-04-28 15:45:33.176369,N7,Metric_Scraping,0
2026-04-28 15:44:04.442214,2026-04-28 15:51:32.442214,N6,CPU_Sync_Stutter,1
2026-04-28 15:47:07.503765,2026-04-28 15:59:28.503765,N8,Metric_Scraping,0
2026-04-28 15:48:08.324479,2026-04-28 15:54:12.324479,N1,Log_Rotation,0
2026-04-28 15:50:09.115191,2026-04-28 16:03:53.115191,N7,Metric_Scraping,0
2026-04-28 15:51:10.186527,2026-04-28 16:01:37.186527,N4,Metric_Scraping,0
2026-04-28 15:53:12.515015,2026-04-28 16:06:51.515015,N6,Metric_Scraping,0
2026-04-28 15:55:14.414238,2026-04-28 16:02:40.414238,N3,Metric_Scraping,0
2026-04-28 15:57:15.608212,2026-04-28 16:03:47.608212,N2,Metric_Scraping,0
2026-04-28 16:00:17.020890,2026-04-28 16:09:40.020890,N1,Metric_Scraping,0
2026-04-28 16:01:18.648196,2026-04-28 16:08:08.648196,N8,Metric_Scraping,0
2026-04-28 16:03:20.616491,2026-04-28 16:11:44.616491,N4,Network_Latency_Jitter,1
2026-04-28 16:15:29.686196,2026-04-28 16:26:02.686196,N4,Log_Rotation,0
2026-04-28 16:16:30.707200,2026-04-28 16:27:29.707200,N1,Metric_Scraping,0
2026-04-28 16:17:31.476711,2026-04-28 16:23:19.476711,N8,Memory_Leak_Gradual,1
2026-04-28 16:26:33.584460,2026-04-28 16:37:24.584460,N7,Log_Rotation,0
2026-04-28 16:27:35.769383,2026-04-28 16:40:36.769383,N4,Network_Latency_Jitter,1
2026-04-28 16:29:37.512511,2026-04-28 16:36:58.512511,N3,Metric_Scraping,0
2026-04-28 16:33:38.511189,2026-04-28 16:41:15.511189,N1,Log_Rotation,0
2026-04-28 16:37:39.451245,2026-04-28 16:50:56.451245,N3,Log_Rotation,0
2026-04-28 16:45:44.526396,2026-04-28 16:51:03.526396,N2,CPU_Sync_Stutter,1
2026-04-28 16:55:48.784962,2026-04-28 17:09:23.784962,N3,Log_Rotation,0
2026-04-28 17:13:51.878312,2026-04-28 17:21:41.878312,N3,Log_Rotation,0
2026-04-28 17:14:52.749156,2026-04-28 17:29:28.749156,N6,Memory_Leak_Gradual,1
2026-04-28 17:22:55.422633,2026-04-28 17:35:45.422633,N8,Metric_Scraping,0
2026-04-28 17:24:56.494269,2026-04-28 17:31:21.494269,N4,Metric_Scraping,0
2026-04-28 17:28:57.994191,2026-04-28 17:43:21.994191,N2,Metric_Scraping,0
2026-04-28 17:29:59.170210,2026-04-28 17:35:07.170210,N1,Network_Latency_Jitter,1
2026-04-28 17:31:01.211812,2026-04-28 17:44:49.211812,N3,Log_Rotation,0
2026-04-28 17:35:03.150215,2026-04-28 17:42:53.150215,N7,Network_Latency_Jitter,1
2026-04-28 17:52:11.237319,2026-04-28 18:04:50.237319,N6,Log_Rotation,0
2026-04-28 18:09:14.922150,2026-04-28 18:18:15.922150,N4,Metric_Scraping,0
2026-04-28 18:13:15.998191,2026-04-28 18:18:39.998191,N8,Metric_Scraping,0
2026-04-28 18:15:16.969224,2026-04-28 18:26:32.969224,N3,CPU_Sync_Stutter,1
2026-04-28 18:25:20.079001,2026-04-28 18:32:55.079001,N7,Log_Rotation,0
2026-04-28 18:32:22.126219,2026-04-28 18:44:08.126219,N2,Network_Latency_Jitter,1
2026-04-28 18:39:24.949177,2026-04-28 18:47:05.949177,N1,Memory_Leak_Gradual,1
2026-04-28 18:46:28.052702,2026-04-28 18:58:47.052702,N3,Metric_Scraping,0
2026-04-28 18:47:28.850197,2026-04-28 18:56:34.850197,N2,Metric_Scraping,0
2026-04-28 18:48:30.635576,2026-04-28 18:56:41.635576,N1,Metric_Scraping,0
2026-04-28 18:51:31.606188,2026-04-28 19:05:42.606188,N6,Metric_Scraping,0
2026-04-28 18:53:33.003830,2026-04-28 19:03:37.003830,N4,Metric_Scraping,0
2026-04-28 18:57:34.337299,2026-04-28 19:04:11.337299,N2,Network_Latency_Jitter,1
2026-04-28 18:59:37.154146,2026-04-28 19:09:29.154146,N1,Log_Rotation,0
2026-04-28 19:01:38.770112,2026-04-28 19:12:38.770112,N8,Metric_Scraping,0
2026-04-28 19:15:45.255490,2026-04-28 19:29:16.255490,N6,Metric_Scraping,0
2026-04-28 19:20:46.726193,2026-04-28 19:29:29.726193,N2,Network_Latency_Jitter,1
2026-04-28 19:25:48.209656,2026-04-28 19:37:59.209656,N4,CPU_Sync_Stutter,1
2026-04-28 19:27:49.298132,2026-04-28 19:34:17.298132,N7,Memory_Leak_Gradual,1
2026-04-28 19:30:53.586219,2026-04-28 19:45:31.586219,N3,Metric_Scraping,0
2026-04-28 19:31:54.512878,2026-04-28 19:41:08.512878,N2,Memory_Leak_Gradual,1
2026-04-28 19:32:55.786190,2026-04-28 19:45:05.786190,N8,Log_Rotation,0
2026-04-28 19:38:57.999632,2026-04-28 19:45:08.999632,N1,Metric_Scraping,0
2026-04-28 19:39:59.682166,2026-04-28 19:45:39.682166,N4,Metric_Scraping,0
2026-04-28 19:43:02.054247,2026-04-28 19:51:04.054247,N7,Log_Rotation,0
2026-04-28 19:44:02.990223,2026-04-28 19:50:20.990223,N6,Metric_Scraping,0
2026-04-28 19:46:04.262328,2026-04-28 19:53:15.262328,N2,Log_Rotation,0
2026-04-28 19:47:08.754230,2026-04-28 19:55:28.754230,N1,Metric_Scraping,0
2026-04-28 19:48:09.526886,2026-04-28 19:57:50.526886,N3,Metric_Scraping,0
2026-04-28 19:54:12.502948,2026-04-28 20:03:04.502948,N2,Metric_Scraping,0
2026-04-28 20:03:16.711726,2026-04-28 20:16:54.711726,N7,Metric_Scraping,0
2026-04-28 20:08:18.958287,2026-04-28 20:19:47.958287,N4,Metric_Scraping,0
2026-04-28 20:16:20.658194,2026-04-28 20:22:32.658194,N6,Metric_Scraping,0
2026-04-28 20:25:25.746196,2026-04-28 20:34:10.746196,N4,Log_Rotation,0
2026-04-28 20:44:29.006216,2026-04-28 20:56:30.006216,N2,Metric_Scraping,0
2026-04-28 20:48:30.762220,2026-04-28 21:03:12.762220,N3,Metric_Scraping,0
2026-04-28 20:53:32.070775,2026-04-28 21:00:39.070775,N8,Metric_Scraping,0
2026-04-28 20:57:34.043610,2026-04-28 21:06:45.043610,N4,Metric_Scraping,0
2026-04-28 20:59:35.077083,2026-04-28 21:13:43.077083,N1,CPU_Sync_Stutter,1
2026-04-28 21:05:37.927537,2026-04-28 21:13:51.927537,N6,Metric_Scraping,0
2026-04-28 21:07:39.059593,2026-04-28 21:17:58.059593,N2,Metric_Scraping,0
2026-04-28 21:10:41.328918,2026-04-28 21:22:24.328918,N3,Log_Rotation,0
2026-04-28 21:24:46.802201,2026-04-28 21:35:34.802201,N7,CPU_Sync_Stutter,1
2026-04-28 21:26:48.030662,2026-04-28 21:39:45.030662,N1,Log_Rotation,0
2026-04-28 21:35:49.483758,2026-04-28 21:47:09.483758,N3,Metric_Scraping,0
2026-04-28 21:39:51.558267,2026-04-28 21:51:00.558267,N8,Log_Rotation,0
2026-04-28 21:41:53.122670,2026-04-28 21:52:44.122670,N6,Metric_Scraping,0
2026-04-28 21:42:54.446355,2026-04-28 21:57:38.446355,N4,Log_Rotation,0
2026-04-28 21:44:55.623939,2026-04-28 21:58:50.623939,N1,Log_Rotation,0
2026-04-28 21:46:56.494199,2026-04-28 21:52:46.494199,N7,Log_Rotation,0
2026-04-28 21:49:58.542155,2026-04-28 22:03:05.542155,N2,Metric_Scraping,0
2026-04-28 21:50:59.905554,2026-04-28 22:02:26.905554,N3,Log_Rotation,0
2026-04-28 21:54:03.858161,2026-04-28 22:00:44.858161,N6,Log_Rotation,0
2026-04-28 21:55:05.030923,2026-04-28 22:04:23.030923,N7,Network_Latency_Jitter,1
2026-04-28 22:05:10.997554,2026-04-28 22:18:29.997554,N3,Log_Rotation,0
2026-04-28 22:11:13.894799,2026-04-28 22:18:37.894799,N2,Network_Latency_Jitter,1
2026-04-28 22:17:15.470223,2026-04-28 22:22:57.470223,N6,Log_Rotation,0
2026-04-28 22:19:16.694146,2026-04-28 22:31:09.694146,N1,Metric_Scraping,0
2026-04-28 22:31:21.896616,2026-04-28 22:39:33.896616,N4,Metric_Scraping,0
2026-04-28 22:34:23.775241,2026-04-28 22:47:49.775241,N3,Metric_Scraping,0
2026-04-28 22:42:26.207632,2026-04-28 22:53:26.207632,N1,CPU_Sync_Stutter,1
2026-04-28 22:50:28.354141,2026-04-28 22:56:31.354141,N6,Memory_Leak_Gradual,1
2026-04-28 22:55:30.502174,2026-04-28 23:02:23.502174,N2,Metric_Scraping,0
2026-04-28 22:58:32.734235,2026-04-28 23:08:24.734235,N7,Metric_Scraping,0
2026-04-28 23:01:33.960294,2026-04-28 23:14:14.960294,N8,Metric_Scraping,0
